{
    "precision_score": 0.9680469289164941,
    "recall_score": 0.9558823529411764,
    "f_score": 0.9594372153060844
}